<Configuration ID="6ed8046a-e8ac-46ce-8d33-824b0bfc1e54">
  <Add OfficeClientEdition="64" Channel="Current">
    <Product ID="O365ProPlusRetail">
      <Language ID="de-de" />
      <ExcludeApp ID="Groove" />
    </Product>
    <Product ID="LanguagePack">
      <Language ID="de-de" />
    </Product>
    <Product ID="ProofingTools">
      <Language ID="de-de" />
    </Product>
  </Add>
  <Property Name="SharedComputerLicensing" Value="0" />
  <Property Name="SCLCacheOverride" Value="0" />
  <Property Name="AUTOACTIVATE" Value="0" />
  <Property Name="FORCEAPPSHUTDOWN" Value="FALSE" />
  <Property Name="DeviceBasedLicensing" Value="0" />
  <Updates Enabled="TRUE" />
  <Display Level="None" AcceptEULA="TRUE" />
</Configuration>